Control Number,T,,P,,V,,
0,-77.4121,-4.05566,1.51029,-0.0132745,0.488822,-0.629157,
1,-73.1407,-8.50922,1.50931,-0.00499672,-0.487666,1.79684,
2,-69.2513,-11.9614,1.50009,0.0230002,-1.2107,3.46626,
3,-65.7084,-14.5252,1.48489,0.0639934,-1.72513,4.51804,
4,-62.4793,-16.3043,1.46556,0.112524,-2.06982,5.07202,
5,-59.5261,-17.4118,1.44358,0.164287,-2.28207,5.24185,
6,-56.8058,-17.9724,1.42007,0.21608,-2.39746,5.13519,
7,-54.2744,-18.1109,1.3958,0.265702,-2.44726,4.84631,
8,-51.8928,-17.9392,1.37127,0.31178,-2.45613,4.44975,
9,-49.6291,-17.5485,1.3468,0.353562,-2.4416,3.99891,
10,-47.46,-17.008,1.32255,0.390719,-2.41508,3.52903,
11,-45.369,-16.3681,1.2986,0.423192,-2.38335,3.06172,
12,-43.3455,-15.6642,1.27497,0.451083,-2.35015,2.60934,
13,-41.3828,-14.9209,1.25167,0.474582,-2.31726,2.17847,
14,-39.4769,-14.1554,1.22869,0.493922,-2.28536,1.77219,
15,-37.6259,-13.38,1.20602,0.509355,-2.25457,1.39163,
16,-35.8287,-12.6035,1.18366,0.521139,-2.2247,1.03693,
17,-34.0851,-11.8324,1.16159,0.529531,-2.19553,0.707707,
18,-32.3949,-11.072,1.1398,0.534781,-2.16681,0.403438,
19,-30.7583,-10.3263,1.11831,0.537135,-2.13842,0.12356,
20,-29.1751,-9.59883,1.09709,0.536834,-2.1103,-0.132441,
21,-27.6453,-8.89264,1.07615,0.534113,-2.08247,-0.365015,
22,-26.1683,-8.21033,1.05549,0.529205,-2.05507,-0.57456,
23,-24.7436,-7.55419,1.0351,0.522338,-2.02828,-0.761448,
24,-23.3705,-6.92621,1.01498,0.513734,-2.0023,-0.926063,
25,-22.0478,-6.32808,0.995104,0.503615,-1.97738,-1.06884,
26,-20.7746,-5.76115,0.975473,0.492195,-1.95374,-1.19028,
27,-19.5494,-5.22644,0.95607,0.479685,-1.93159,-1.29104,
28,-18.3711,-4.72459,0.936878,0.466286,-1.91109,-1.37186,
29,-17.2382,-4.25588,0.917882,0.452192,-1.89234,-1.43369,
30,-16.1493,-3.82021,0.899062,0.437586,-1.87536,-1.47762,
31,-15.1032,-3.41707,0.880402,0.422641,-1.86013,-1.50491,
32,-14.0984,-3.04565,0.861885,0.407514,-1.84654,-1.51695,
33,-13.1339,-2.70476,0.843495,0.392349,-1.8344,-1.51528,
34,-12.2084,-2.39298,0.82522,0.377272,-1.82348,-1.50151,
35,-11.3209,-2.1086,0.807048,0.362396,-1.81352,-1.47733,
36,-10.4704,-1.84978,0.788971,0.347814,-1.8042,-1.4444,
37,-9.65582,-1.61454,0.770986,0.333604,-1.79522,-1.40438,
38,-8.87638,-1.40085,0.753091,0.319828,-1.78624,-1.35885,
39,-8.13119,-1.20666,0.735287,0.306531,-1.77698,-1.30929,
40,-7.41943,-1.03001,0.717579,0.293746,-1.76714,-1.25705,
41,-6.74028,-0.868988,0.699974,0.281493,-1.75649,-1.20331,
42,-6.09292,-0.721818,0.682482,0.26978,-1.74483,-1.1491,
43,-5.47654,-0.586872,0.665113,0.258608,-1.73199,-1.09529,
44,-4.89031,-0.462678,0.647881,0.247967,-1.71786,-1.04259,
45,-4.33339,-0.347931,0.630797,0.237843,-1.70236,-0.991536,
46,-3.80492,-0.241491,0.613877,0.228218,-1.68546,-0.94254,
47,-3.30404,-0.142376,0.597135,0.219069,-1.66716,-0.895883,
48,-2.82986,-0.0497541,0.580583,0.210371,-1.64748,-0.851737,
49,-2.38149,0.0370715,0.564236,0.2021,-1.62648,-0.810186,
50,-1.95804,0.118677,0.548107,0.194229,-1.60423,-0.771236,
51,-1.5586,0.195532,0.532207,0.186732,-1.58083,-0.734839,
52,-1.18228,0.268019,0.516547,0.179585,-1.55636,-0.7009,
53,-0.82818,0.336442,0.501138,0.172763,-1.53093,-0.669296,
54,-0.495428,0.401046,0.485988,0.166244,-1.50466,-0.639881,
55,-0.183152,0.462027,0.471105,0.160007,-1.47765,-0.612499,
56,0.109502,0.51954,0.456496,0.154033,-1.45001,-0.586989,
57,0.383369,0.573714,0.442166,0.148304,-1.42184,-0.563191,
58,0.639263,0.624655,0.428121,0.142804,-1.39324,-0.540949,
59,0.877977,0.672456,0.414363,0.137518,-1.3643,-0.520117,
60,1.10028,0.717197,0.400897,0.132432,-1.33511,-0.500559,
61,1.30692,0.758956,0.387723,0.127536,-1.30575,-0.482148,
62,1.49862,0.797806,0.374844,0.122817,-1.2763,-0.46477,
63,1.67608,0.83382,0.362259,0.118267,-1.24681,-0.448323,
64,1.83997,0.867071,0.349969,0.113876,-1.21736,-0.432715,
65,1.99093,0.897635,0.337972,0.109637,-1.18799,-0.417864,
66,2.1296,0.92559,0.326269,0.105542,-1.15876,-0.403699,
67,2.25658,0.951015,0.314857,0.101585,-1.12971,-0.390157,
68,2.37243,0.973992,0.303733,0.0977604,-1.10089,-0.377185,
69,2.47773,0.994607,0.292897,0.0940624,-1.07232,-0.364733,
70,2.573,1.01294,0.282344,0.0904861,-1.04404,-0.352762,
71,2.65875,1.02909,0.272072,0.0870268,-1.01608,-0.341233,
72,2.73549,1.04314,0.262078,0.0836805,-0.988465,-0.330116,
73,2.80367,1.05517,0.252358,0.080443,-0.961212,-0.319384,
74,2.86377,1.06527,0.242908,0.0773108,-0.934343,-0.309012,
75,2.9162,1.07354,0.233724,0.0742802,-0.907874,-0.29898,
76,2.9614,1.08005,0.224802,0.0713482,-0.881821,-0.289267,
77,2.99976,1.0849,0.216139,0.0685114,-0.856195,-0.279858,
78,3.03166,1.08816,0.207728,0.0657671,-0.831009,-0.270739,
79,3.05747,1.08992,0.199567,0.0631123,-0.80627,-0.261894,
80,3.07755,1.09026,0.191651,0.0605444,-0.781987,-0.253314,
81,3.09223,1.08926,0.183975,0.0580609,-0.758166,-0.244986,
82,3.10184,1.08699,0.176534,0.0556592,-0.734811,-0.2369,
83,3.10669,1.08352,0.169323,0.0533369,-0.711927,-0.229048,
84,3.10706,1.07894,0.162339,0.0510919,-0.689517,-0.221421,
85,3.10326,1.0733,0.155576,0.0489219,-0.667582,-0.214011,
86,3.09554,1.06667,0.14903,0.0468247,-0.646123,-0.206811,
87,3.08416,1.05912,0.142695,0.0447983,-0.62514,-0.199814,
88,3.06937,1.05071,0.136567,0.0428407,-0.604633,-0.193014,
89,3.05142,1.04149,0.130641,0.04095,-0.5846,-0.186404,
90,3.03051,1.03154,0.124913,0.0391243,-0.565038,-0.17998,
91,3.00688,1.02089,0.119378,0.0373618,-0.545946,-0.173736,
92,2.98071,1.00961,0.11403,0.0356606,-0.52732,-0.167667,
93,2.95222,0.997744,0.108866,0.0340192,-0.509157,-0.161768,
94,2.92158,0.98534,0.103881,0.0324357,-0.491451,-0.156035,
95,2.88897,0.972446,0.0990708,0.0309087,-0.4742,-0.150464,
96,2.85455,0.959106,0.09443,0.0294364,-0.457397,-0.145049,
97,2.8185,0.945363,0.0899545,0.0280173,-0.441037,-0.139789,
98,2.78096,0.931257,0.08564,0.02665,-0.425115,-0.134678,
99,2.74207,0.916827,0.0814821,0.0253329,-0.409625,-0.129713,
100,2.70197,0.902111,0.0774765,0.0240645,-0.39456,-0.124891,
101,2.6608,0.887142,0.073619,0.0228436,-0.379915,-0.120209,
102,2.61867,0.871955,0.0699056,0.0216687,-0.365682,-0.115663,
103,2.5757,0.856582,0.066332,0.0205385,-0.351855,-0.11125,
104,2.53201,0.841053,0.0628942,0.0194516,-0.338428,-0.106968,
105,2.48769,0.825396,0.0595884,0.0184067,-0.325392,-0.102813,
106,2.44285,0.809639,0.0564106,0.0174027,-0.312742,-0.0987821,
107,2.39757,0.793808,0.053357,0.0164383,-0.300469,-0.0948733,
108,2.35195,0.777928,0.050424,0.0155122,-0.288566,-0.0910836,
109,2.30607,0.76202,0.0476077,0.0146234,-0.277027,-0.0874103,
110,2.26,0.746107,0.0449048,0.0137705,-0.265843,-0.0838508,
111,2.21382,0.73021,0.0423115,0.0129527,-0.255008,-0.0804027,
112,2.1676,0.714348,0.0398246,0.0121686,-0.244514,-0.0770633,
113,2.1214,0.698539,0.0374406,0.0114173,-0.234353,-0.0738302,
114,2.07529,0.6828,0.0351562,0.0106978,-0.224518,-0.070701,
115,2.02931,0.667146,0.0329683,0.0100089,-0.215002,-0.0676733,
116,1.98352,0.651593,0.0308737,0.00934966,-0.205798,-0.0647446,
117,1.93796,0.636154,0.0288692,0.00871916,-0.196898,-0.0619127,
118,1.8927,0.620843,0.026952,0.00811642,-0.188294,-0.0591752,
119,1.84776,0.605671,0.0251191,0.0075405,-0.179981,-0.0565299,
120,1.80319,0.590649,0.0233676,0.00699049,-0.171949,-0.0539745,
121,1.75902,0.575788,0.0216947,0.00646552,-0.164194,-0.0515068,
122,1.71528,0.561096,0.0200978,0.00596471,-0.156707,-0.0491246,
123,1.67202,0.546583,0.0185742,0.00548722,-0.149482,-0.0468258,
124,1.62924,0.532255,0.0171213,0.00503224,-0.142511,-0.0446081,
125,1.58699,0.518122,0.0157366,0.00459896,-0.135789,-0.0424696,
126,1.54528,0.504188,0.0144177,0.00418661,-0.129308,-0.0404081,
127,1.50414,0.490459,0.0131622,0.00379442,-0.123062,-0.0384216,
128,1.46358,0.476942,0.0119678,0.00342166,-0.117044,-0.036508,
129,1.42363,0.463639,0.0108322,0.00306761,-0.111249,-0.0346654,
130,1.38429,0.450557,0.00975328,0.00273158,-0.105669,-0.0328918,
131,1.34558,0.437697,0.00872888,0.00241288,-0.100299,-0.0311854,
132,1.30751,0.425063,0.00775695,0.00211085,-0.0951332,-0.029544,
133,1.27009,0.412658,0.00683549,0.00182486,-0.090165,-0.027966,
134,1.23334,0.400483,0.00596256,0.00155428,-0.0853888,-0.0264495,
135,1.19725,0.38854,0.00513627,0.00129851,-0.0807988,-0.0249926,
136,1.16184,0.376831,0.0043548,0.00105696,-0.0763896,-0.0235936,
137,1.12711,0.365356,0.00361636,0.000829062,-0.0721556,-0.0222507,
138,1.09306,0.354116,0.00291923,0.00061427,-0.0680915,-0.0209623,
139,1.0597,0.343111,0.00226176,0.000412047,-0.064192,-0.0197266,
140,1.02702,0.332341,0.00164233,0.000221875,-0.060452,-0.018542,
141,0.995025,0.321805,0.00105936,4.32524e-05,-0.0568665,-0.0174069,
142,0.963718,0.311503,0.00051135,-0.000124306,-0.0534305,-0.0163197,
143,0.933097,0.301434,-3.17049e-06,-0.000281269,-0.0501392,-0.0152788,
144,0.903157,0.291596,-0.000485621,-0.000428093,-0.046988,-0.0142829,
145,0.873897,0.281988,-0.000937373,-0.000565216,-0.0439722,-0.0133303,
146,0.845312,0.272608,-0.00135976,-0.000693065,-0.0410873,-0.0124196,
147,0.817398,0.263455,-0.00175405,-0.000812051,-0.038329,-0.0115496,
148,0.79015,0.254526,-0.0021215,-0.00092257,-0.035693,-0.0107187,
149,0.763563,0.245819,-0.0024633,-0.00102501,-0.0331752,-0.00992559,
150,0.737631,0.237332,-0.0027806,-0.00111973,-0.0307715,-0.00916907,
151,0.712346,0.229062,-0.00307454,-0.0012071,-0.0284779,-0.00844781,
152,0.687702,0.221007,-0.00334617,-0.00128746,-0.0262906,-0.00776057,
153,0.663692,0.213164,-0.00359655,-0.00136115,-0.0242058,-0.00710616,
154,0.640307,0.20553,-0.00382668,-0.00142848,-0.0222199,-0.00648339,
155,0.61754,0.198102,-0.00403752,-0.00148977,-0.0203293,-0.00589111,
156,0.595382,0.190877,-0.00423,-0.00154531,-0.0185306,-0.00532822,
157,0.573825,0.183853,-0.00440504,-0.00159539,-0.0168204,-0.00479362,
158,0.55286,0.177025,-0.00456348,-0.00164028,-0.0151955,-0.00428626,
159,0.532477,0.17039,-0.00470616,-0.00168026,-0.0136526,-0.00380512,
160,0.512667,0.163947,-0.0048339,-0.00171558,-0.0121886,-0.00334918,
161,0.493421,0.15769,-0.00494745,-0.00174649,-0.0108006,-0.00291749,
162,0.47473,0.151617,-0.00504756,-0.00177322,-0.00948572,-0.00250911,
163,0.456582,0.145724,-0.00513494,-0.001796,-0.00824104,-0.00212311,
164,0.438969,0.140007,-0.00521028,-0.00181504,-0.00706385,-0.0017586,
165,0.421881,0.134465,-0.00527424,-0.00183057,-0.00595149,-0.00141474,
166,0.405308,0.129092,-0.00532745,-0.00184277,-0.00490137,-0.00109068,
167,0.389239,0.123886,-0.00537052,-0.00185185,-0.00391101,-0.00078562,
168,0.373665,0.118843,-0.00540403,-0.00185799,-0.00297797,-0.000498769,
169,0.358575,0.11396,-0.00542853,-0.00186136,-0.00209991,-0.000229374,
170,0.34396,0.109232,-0.00544458,-0.00186214,-0.00127454,2.32999e-05,
171,0.329809,0.104658,-0.00545267,-0.00186049,-0.000499671,0.000259961,
172,0.316113,0.100233,-0.00545331,-0.00185657,0.000226839,0.000481295,
173,0.302861,0.0959536,-0.00544696,-0.00185051,0.000907053,0.000687963,
174,0.290044,0.0918171,-0.00543408,-0.00184248,0.00154297,0.000880604,
175,0.277651,0.0878198,-0.00541509,-0.0018326,0.00213652,0.00105984,
176,0.265673,0.0839586,-0.0053904,-0.001821,0.00268958,0.00122626,
177,0.254101,0.08023,-0.00536042,-0.00180782,0.00320395,0.00138044,
178,0.242924,0.0766308,-0.00532552,-0.00179316,0.00368138,0.00152295,
179,0.232133,0.073158,-0.00528606,-0.00177714,0.00412355,0.00165431,
180,0.221718,0.0698082,-0.00524237,-0.00175987,0.00453209,0.00177505,
181,0.211671,0.0665785,-0.0051948,-0.00174146,0.00490857,0.00188568,
182,0.201982,0.0634657,-0.00514364,-0.001722,0.00525452,0.00198668,
183,0.192641,0.0604668,-0.00508919,-0.00170158,0.00557138,0.00207852,
184,0.183641,0.0575789,-0.00503175,-0.0016803,0.00586058,0.00216166,
185,0.174972,0.0547989,-0.00497157,-0.00165823,0.00612346,0.00223656,
186,0.166625,0.0521241,-0.00490891,-0.00163546,0.00636133,0.00230365,
187,0.158591,0.0495516,-0.00484402,-0.00161207,0.00657547,0.00236333,
188,0.150863,0.0470785,-0.00477712,-0.00158812,0.00676706,0.00241603,
189,0.143432,0.044702,-0.00470843,-0.00156368,0.0069373,0.00246213,
190,0.13629,0.0424195,-0.00463816,-0.00153882,0.0070873,0.00250201,
191,0.129429,0.0402282,-0.00456651,-0.00151359,0.00721814,0.00253601,
192,0.12284,0.0381254,-0.00449366,-0.00148806,0.00733088,0.00256448,
193,0.116516,0.0361085,-0.00441978,-0.00146228,0.00742651,0.00258774,
194,0.110451,0.0341749,-0.00434504,-0.00143629,0.00750602,0.00260606,
195,0.104635,0.0323221,-0.0042696,-0.00141015,0.00757035,0.00261974,
196,0.0990618,0.0305477,-0.0041936,-0.00138389,0.00762039,0.00262901,
197,0.0937244,0.0288492,-0.00411718,-0.00135757,0.00765702,0.00263411,
198,0.0886156,0.0272243,-0.00404047,-0.00133122,0.00768108,0.00263527,
199,0.0837285,0.025671,-0.00396359,-0.00130488,0.00769336,0.00263271,
200,0.0790562,0.024187,-0.00388666,-0.00127859,0.00769464,0.00262664,
201,0.0745921,0.0227703,-0.00380977,-0.00125238,0.00768565,0.0026173,
202,0.0703298,0.0214189,-0.00373303,-0.00122628,0.00766709,0.0026049,
203,0.0662627,0.0201308,-0.00365653,-0.00120032,0.00763962,0.00258967,
204,0.0623849,0.0189041,-0.00358035,-0.00117453,0.00760387,0.00257187,
205,0.05869,0.0177367,-0.00350458,-0.00114893,0.00756045,0.00255172,
206,0.0551723,0.0166267,-0.00342928,-0.00112355,0.00750992,0.00252945,
207,0.051826,0.0155722,-0.00335453,-0.0010984,0.00745285,0.00250528,
208,0.0486454,0.0145713,-0.00328039,-0.0010735,0.00738976,0.00247943,
209,0.045625,0.013622,-0.0032069,-0.00104887,0.00732116,0.00245207,
210,0.0427595,0.0127226,-0.00313414,-0.00102452,0.00724754,0.00242338,
211,0.0400435,0.0118711,-0.00306214,-0.00100046,0.00716936,0.00239352,
212,0.0374719,0.0110659,-0.00299094,-0.000976714,0.00708709,0.0023626,
213,0.0350397,0.0103052,-0.00292059,-0.000953278,0.00700116,0.00233075,
214,0.0327421,0.00958751,-0.00285112,-0.000930166,0.00691199,0.00229808,
215,0.030574,0.00891112,-0.00278256,-0.000907385,0.00681997,0.00226468,
216,0.028531,0.00827455,-0.00271493,-0.000884941,0.0067255,0.00223063,
217,0.0266083,0.00767633,-0.00264826,-0.000862842,0.00662893,0.00219602,
218,0.0248014,0.00711504,-0.00258256,-0.000841091,0.00653062,0.00216093,
219,0.023106,0.00658928,-0.00251786,-0.000819694,0.00643088,0.00212544,
220,0.0215178,0.00609772,-0.00245416,-0.000798654,0.00633004,0.00208962,
221,0.0200325,0.00563904,-0.00239147,-0.000777973,0.00622839,0.00205357,
222,0.018646,0.00521196,-0.00232981,-0.000757654,0.00612619,0.00201736,
223,0.0173544,0.00481523,-0.00226916,-0.000737697,0.00602372,0.00198107,
224,0.0161536,0.00444762,-0.00220955,-0.000718103,0.00592122,0.0019448,
225,0.01504,0.00410792,-0.00215095,-0.000698871,0.00581892,0.00190861,
226,0.0140096,0.00379495,-0.00209338,-0.00068,0.00571704,0.00187261,
227,0.0130589,0.00350754,-0.00203682,-0.000661488,0.00561577,0.00183687,
228,0.0121842,0.00324454,-0.00198127,-0.000643331,0.00551531,0.00180147,
229,0.0113821,0.00300482,-0.00192672,-0.000625525,0.00541584,0.00176649,
230,0.0106491,0.00278725,-0.00187315,-0.000608066,0.00531753,0.00173201,
231,0.00998186,0.00259072,-0.00182056,-0.000590949,0.00522053,0.00169809,
232,0.00937714,0.00241413,-0.00176893,-0.000574167,0.00512499,0.00166479,
233,0.00883171,0.00225641,-0.00171825,-0.000557714,0.00503106,0.00163216,
234,0.00834242,0.00211648,-0.0016685,-0.000541583,0.00493886,0.00160026,
235,0.00790617,0.00199332,-0.00161965,-0.000525767,0.00484852,0.0015691,
236,0.00751995,0.00188592,-0.0015717,-0.000510257,0.00476016,0.00153871,
237,0.00718078,0.00179329,-0.00152462,-0.000495047,0.00467389,0.00150912,
238,0.00688572,0.00171451,-0.00147839,-0.000480128,0.00458982,0.00148032,
239,0.00663192,0.00164867,-0.00143298,-0.000465492,0.00450803,0.00145235,
240,0.00641653,0.0015949,-0.00138838,-0.00045113,0.00442861,0.00142519,
241,0.00623677,0.00155236,-0.00134456,-0.000437036,0.00435163,0.00139887,
242,0.00608991,0.00152023,-0.0013015,-0.000423199,0.00427717,0.00137341,
243,0.00597327,0.00149768,-0.00125916,-0.000409612,0.00420528,0.00134881,
244,0.0058842,0.00148393,-0.00121752,-0.000396265,0.00413601,0.00132511,
245,0.00582013,0.00147813,-0.00117657,-0.00038315,0.0040694,0.00130232,
246,0.0057785,0.00147949,-0.00113626,-0.000370257,0.00400547,0.00128048,
247,0.00575684,0.00148717,-0.00109657,-0.000357577,0.00394426,0.00125961,
248,0.00575269,0.00150035,-0.00105749,-0.000345099,0.00388579,0.00123971,
249,0.00576364,0.00151821,-0.00101896,-0.000332815,0.00383006,0.0012208,
250,0.00578732,0.00153996,-0.000980984,-0.000320714,0.0037771,0.00120288,
251,0.00582138,0.00156483,-0.000943517,-0.000308786,0.00372691,0.00118594,
252,0.00586351,0.00159205,-0.000906535,-0.000297022,0.0036795,0.00116997,
253,0.00591144,0.00162092,-0.00087001,-0.000285411,0.00363485,0.00115495,
254,0.00596291,0.00165074,-0.000833915,-0.000273946,0.00359296,0.00114087,
255,0.00601571,0.00168082,-0.000798223,-0.000262615,0.00355382,0.00112771,
256,0.00606763,0.00171051,-0.000762906,-0.000251411,0.0035174,0.00111546,
257,0.00611653,0.00173915,-0.000727937,-0.000240324,0.00348367,0.00110411,
258,0.00616029,0.0017661,-0.000693289,-0.000229345,0.00345259,0.00109364,
259,0.00619682,0.00179072,-0.000658936,-0.000218466,0.00342414,0.00108406,
260,0.00622407,0.00181235,-0.000624852,-0.000207676,0.00339824,0.00107537,
261,0.00624004,0.00183037,-0.000591013,-0.000196969,0.00337486,0.00106754,
262,0.00624275,0.00184412,-0.000557392,-0.000186335,0.00335393,0.00106059,
263,0.00623027,0.00185298,-0.000523966,-0.000175765,0.00333539,0.00105449,
264,0.0062007,0.00185631,-0.000490712,-0.000165251,0.00331918,0.00104923,
265,0.00615217,0.0018535,-0.000457606,-0.000154784,0.00330521,0.0010448,
266,0.00608287,0.00184394,-0.000424627,-0.000144358,0.00329342,0.00104117,
267,0.005991,0.00182705,-0.000391753,-0.000133962,0.00328373,0.00103832,
268,0.00587481,0.00180224,-0.000358964,-0.000123591,0.00327606,0.00103621,
269,0.00573261,0.00176898,-0.00032624,-0.000113237,0.00327031,0.00103481,
270,0.00556271,0.00172672,-0.000293563,-0.000102893,0.0032664,0.00103409,
271,0.0053635,0.00167496,-0.000260914,-9.25515e-05,0.00326424,0.001034,
272,0.00513339,0.00161319,-0.000228277,-8.22078e-05,0.00326372,0.00103452,
273,0.00487085,0.00154094,-0.000195636,-7.18554e-05,0.00326473,0.00103561,
274,0.00457439,0.00145774,-0.000162976,-6.14891e-05,0.00326718,0.00103722,
275,0.0042426,0.00136315,-0.000130284,-5.11037e-05,0.00327095,0.00103932,
276,0.00387408,0.00125672,-9.75471e-05,-4.06945e-05,0.00327592,0.00104188,
277,0.00346752,0.00113804,-6.47539e-05,-3.02573e-05,0.00328197,0.00104485,
278,0.00302167,0.00100671,-3.18944e-05,-1.97881e-05,0.00328897,0.0010482,
279,0.00253531,0.000862321,1.04002e-06,-9.28339e-06,0.0032968,0.00105189,
280,0.00200732,0.000704513,3.40569e-05,1.26003e-06,0.00330533,0.00105588,
281,0.00143664,0.000532924,6.71624e-05,1.18449e-05,0.00331441,0.00106012,
282,0.000822266,0.000347217,0.000100361,2.24734e-05,0.00332392,0.00106457,
283,0.000163269,0.000147078,0.000133657,3.31473e-05,0.00333371,0.00106918,
284,-0.0005412,-6.77849e-05,0.000167051,4.38681e-05,0.00334365,0.0010739,
285,-0.00129192,-0.000297635,0.000200545,5.46363e-05,0.00335358,0.00107867,
286,-0.00208958,-0.000542706,0.000234137,6.54522e-05,0.00336336,0.00108344,
287,-0.00293482,-0.000803204,0.000267825,7.63154e-05,0.00337284,0.00108815,
288,-0.00382815,-0.0010793,0.000301606,8.72249e-05,0.00338187,0.00109273,
289,-0.00477003,-0.00137113,0.000335473,9.81792e-05,0.00339031,0.00109713,
290,-0.00576081,-0.0016788,0.00036942,0.000109176,0.00339798,0.00110129,
291,-0.00680076,-0.00200237,0.000403438,0.000120213,0.00340475,0.00110516,
292,-0.00789005,-0.00234189,0.000437517,0.000131286,0.00341044,0.00110867,
293,-0.00902874,-0.00269736,0.000471646,0.000142392,0.00341489,0.00111177,
294,-0.0102168,-0.00306874,0.000505811,0.000153526,0.00341794,0.00111441,
295,-0.0114541,-0.00345599,0.000539997,0.000164683,0.00341943,0.00111655,
296,-0.0127403,-0.003859,0.000574187,0.000175859,0.00341919,0.00111813,
297,-0.0140752,-0.00427765,0.000608364,0.000187046,0.00341704,0.00111911,
298,-0.0154581,-0.00471181,0.000642507,0.00019824,0.00341283,0.00111945,
299,-0.0168885,-0.00516129,0.000676594,0.000209433,0.00340638,0.00111911,
300,-0.0183657,-0.00562588,0.000710602,0.000220618,0.00339753,0.00111803,
301,-0.0198888,-0.00610533,0.000744507,0.000231788,0.00338611,0.00111617,
302,-0.0214567,-0.00659934,0.000778281,0.000242934,0.00337195,0.00111349,
303,-0.0230684,-0.00710758,0.000811895,0.000254048,0.0033549,0.00110993,
304,-0.0247226,-0.00762968,0.000845322,0.000265121,0.0033348,0.00110543,
305,-0.0264179,-0.00816518,0.000878528,0.000276143,0.00331149,0.00109994,
306,-0.0281528,-0.0087136,0.00091148,0.000287103,0.00328481,0.00109342,
307,-0.0299256,-0.0092744,0.000944145,0.000297992,0.00325462,0.00108581,
308,-0.0317345,-0.00984698,0.000976486,0.000308799,0.00322077,0.00107707,
309,-0.0335775,-0.0104307,0.00100847,0.00031951,0.0031831,0.00106715,
310,-0.0354525,-0.0110249,0.00104004,0.000330115,0.00314148,0.00105601,
311,-0.0373574,-0.0116289,0.00107118,0.000340601,0.00309576,0.00104362,
312,-0.0392896,-0.0122419,0.00110184,0.000350956,0.00304582,0.00102994,
313,-0.0412467,-0.0128632,0.00113197,0.000361166,0.00299151,0.00101494,
314,-0.0432259,-0.0134919,0.00116153,0.000371217,0.00293273,0.000998582,
315,-0.0452244,-0.0141272,0.00119047,0.000381097,0.00286934,0.000980822,
316,-0.0472392,-0.0147682,0.00121876,0.00039079,0.00280126,0.000961615,
317,-0.0492672,-0.015414,0.00124633,0.000400282,0.00272837,0.000940914,
318,-0.0513052,-0.0160635,0.00127315,0.000409558,0.0026506,0.000918667,
319,-0.0533497,-0.0167158,0.00129915,0.000418602,0.00256785,0.000894818,
320,-0.0553973,-0.0173697,0.0013243,0.000427397,0.00248007,0.000869313,
321,-0.0574442,-0.018024,0.00134855,0.000435927,0.00238718,0.000842101,
322,-0.0594869,-0.0186775,0.00137183,0.000444175,0.00228913,0.000813133,
323,-0.0615213,-0.019329,0.0013941,0.000452122,0.00218588,0.000782366,
324,-0.0635436,-0.0199772,0.0014153,0.00045975,0.00207739,0.000749765,
325,-0.0655495,-0.0206206,0.00143539,0.000467041,0.00196362,0.000715304,
326,-0.0675351,-0.0212581,0.00145432,0.000473976,0.00184456,0.000678965,
327,-0.0694959,-0.021888,0.00147201,0.000480536,0.00172019,0.000640736,
328,-0.0714277,-0.0225091,0.00148844,0.000486703,0.0015905,0.000600617,
329,-0.073326,-0.0231199,0.00150353,0.000492457,0.00145551,0.000558614,
330,-0.0751863,-0.0237188,0.00151724,0.00049778,0.00131523,0.000514737,
331,-0.077004,-0.0243046,0.00152952,0.000502652,0.00116968,0.000469003,
332,-0.0787745,-0.0248757,0.00154031,0.000507057,0.0010189,0.000421436,
333,-0.0804932,-0.0254305,0.00154957,0.000510975,0.000862945,0.00037206,
334,-0.0821555,-0.0259677,0.00155723,0.000514388,0.000701873,0.000320906,
335,-0.0837565,-0.0264857,0.00156325,0.00051728,0.00053576,0.000268006,
336,-0.0852916,-0.026983,0.00156758,0.000519632,0.000364691,0.000213396,
337,-0.0867561,-0.0274581,0.00157017,0.000521428,0.000188765,0.000157116,
338,-0.0881453,-0.0279096,0.00157098,0.000522651,8.09498e-06,9.92078e-05,
339,-0.0894545,-0.028336,0.00156994,0.000523286,-0.000177195,3.97158e-05,
340,-0.0906792,-0.0287358,0.00156703,0.000523317,-0.000366967,-2.13137e-05,
341,-0.0918148,-0.0291076,0.0015622,0.000522728,-0.00056107,-8.38338e-05,
342,-0.0928567,-0.02945,0.0015554,0.000521505,-0.000759338,-0.000147798,
343,-0.0938006,-0.0297617,0.00154659,0.000519635,-0.000961594,-0.00021316,
344,-0.0946421,-0.0300412,0.00153574,0.000517102,-0.00116764,-0.000279877,
345,-0.0953769,-0.0302872,0.00152281,0.000513895,-0.00137728,-0.000347904,
346,-0.096001,-0.0304985,0.00150776,0.000509999,-0.0015903,-0.000417196,
347,-0.0965104,-0.0306737,0.00149056,0.000505404,-0.00180645,-0.000487704,
348,-0.0969013,-0.0308114,0.00147118,0.000500096,-0.0020255,-0.000559372,
349,-0.0971699,-0.0309106,0.0014496,0.000494065,-0.00224721,-0.000632133,
350,-0.0973128,-0.0309699,0.00142578,0.0004873,-0.00247132,-0.000705905,
351,-0.0973265,-0.0309882,0.00139972,0.000479792,-0.00269757,-0.000780598,
352,-0.097208,-0.0309645,0.00137137,0.000471533,-0.00292568,-0.000856105,
353,-0.0969543,-0.0308977,0.00134074,0.000462514,-0.00315538,-0.000932313,
354,-0.0965625,-0.030787,0.0013078,0.000452729,-0.00338639,-0.0010091,
355,-0.09603,-0.0306316,0.00127255,0.000442173,-0.00361841,-0.00108636,
356,-0.0953545,-0.0304307,0.00123497,0.000430843,-0.00385114,-0.00116396,
357,-0.0945338,-0.0301838,0.00119506,0.000418736,-0.00408426,-0.0012418,
358,-0.0935659,-0.0298903,0.00115283,0.000405849,-0.00431745,-0.00131977,
359,-0.0924491,-0.0295498,0.00110826,0.000392182,-0.00455037,-0.0013978,
360,-0.0911821,-0.0291618,0.00106136,0.000377735,-0.00478268,-0.00147579,
361,-0.0897635,-0.028726,0.00101215,0.000362509,-0.00501402,-0.00155368,
362,-0.0881925,-0.0282421,0.000960634,0.000346504,-0.00524404,-0.00163139,
363,-0.0864683,-0.0277099,0.000906827,0.000329725,-0.00547237,-0.00170885,
364,-0.0845906,-0.0271291,0.00085075,0.000312172,-0.00569866,-0.00178599,
365,-0.0825593,-0.0264996,0.000792424,0.000293851,-0.00592252,-0.00186272,
366,-0.0803743,-0.0258213,0.000731876,0.000274765,-0.0061436,-0.00193896,
367,-0.0780361,-0.0250942,0.000669137,0.00025492,-0.00636153,-0.00201459,
368,-0.0755453,-0.0243183,0.00060424,0.000234324,-0.00657596,-0.0020895,
369,-0.0729029,-0.0234939,0.000537221,0.000212983,-0.00678652,-0.00216356,
370,-0.0701099,-0.0226211,0.000468123,0.000190908,-0.00699287,-0.0022366,
371,-0.0671677,-0.0217001,0.000396988,0.000168109,-0.00719467,-0.00230848,
372,-0.0640779,-0.0207315,0.000323865,0.0001446,-0.00739157,-0.00237901,
373,-0.0608426,-0.0197157,0.000248804,0.000120395,-0.00758325,-0.00244799,
374,-0.0574636,-0.0186532,0.00017186,9.55103e-05,-0.00776938,-0.00251522,
375,-0.0539435,-0.0175447,9.309e-05,6.99651e-05,-0.00794965,-0.00258049,
376,-0.0502847,-0.0163909,1.25545e-05,4.37804e-05,-0.00812373,-0.00264357,
377,-0.0464901,-0.0151926,-6.96829e-05,1.69795e-05,-0.00829134,-0.00270422,
378,-0.0425627,-0.0139507,-0.000153556,-1.04119e-05,-0.00845217,-0.0027622,
379,-0.0385056,-0.0126662,-0.000238994,-3.83656e-05,-0.00860594,-0.00281726,
380,-0.0343222,-0.0113403,-0.000325926,-6.68509e-05,-0.00875237,-0.00286916,
381,-0.0300163,-0.00997404,-0.000414277,-9.58348e-05,-0.00889118,-0.00291764,
382,-0.0255915,-0.00856889,-0.000503968,-0.000125282,-0.00902209,-0.00296247,
383,-0.0210518,-0.00712626,-0.000594919,-0.000155153,-0.00914486,-0.00300344,
384,-0.0164013,-0.00564777,-0.000687048,-0.000185411,-0.00925919,-0.00304034,
385,-0.0116442,-0.00413518,-0.000780267,-0.000216012,-0.00936483,-0.00307303,
386,-0.00678509,-0.00259041,-0.000874489,-0.000246913,-0.00946149,-0.00310139,
387,-0.00182842,-0.00101554,-0.000969622,-0.000278073,-0.00954888,-0.00312538,
388,0.00322108,0.000587193,-0.00106557,-0.000309446,-0.0096267,-0.00314504,
389,0.00835853,0.0022154,-0.00116224,-0.00034099,-0.00969463,-0.00316051,
390,0.0135789,0.0038666,-0.00125952,-0.000372666,-0.00975231,-0.00317201,
391,0.0188771,0.00553821,-0.00135732,-0.000404435,-0.00979938,-0.00317989,
392,0.0242476,0.00722762,-0.00145553,-0.000436264,-0.00983543,-0.00318462,
393,0.0296849,0.00893227,-0.00155402,-0.000468125,-0.00986005,-0.0031868,
394,0.0351831,0.0106497,-0.00165269,-0.000499996,-0.00987279,-0.00318711,
395,0.0407363,0.0123777,-0.00175142,-0.000531864,-0.00987318,-0.00318632,
396,0.0463378,0.0141144,-0.00185007,-0.000563723,-0.00986076,-0.00318527,
397,0.0519811,0.0158581,-0.00194851,-0.000595574,-0.0098351,-0.00318479,
398,0.057659,0.0176081,-0.00204662,-0.000627429,-0.00979577,-0.00318565,
399,0.0633638,0.0193637,-0.00214425,-0.000659304,-0.00974242,-0.00318847,
400,0.0690875,0.0211254,-0.00224126,-0.000691221,-0.00967479,-0.00319365,
401,0.0748218,0.022894,-0.00233751,-0.000723205,-0.00959274,-0.00320128,
402,0.0805577,0.0246709,-0.00243286,-0.000755278,-0.00949629,-0.00321102,
403,0.0862858,0.026458,-0.00252715,-0.000787455,-0.00938561,-0.00322202,
404,0.0919965,0.0282574,-0.00262025,-0.000819741,-0.00926113,-0.00323285,
405,0.0976799,0.030071,-0.00271203,-0.000852122,-0.00912344,-0.00324146,
406,0.103326,0.0319003,-0.00280236,-0.00088456,-0.00897341,-0.0032452,
407,0.108925,0.0337459,-0.00289112,-0.000916986,-0.00881206,-0.00324082,
408,0.114466,0.0356066,-0.0029782,-0.000949297,-0.00864063,-0.00322463,
409,0.119941,0.0374799,-0.00306352,-0.000981352,-0.00846045,-0.00319265,
410,0.125341,0.0393608,-0.003147,-0.00101297,-0.0082729,-0.00314083,
411,0.130655,0.0412417,-0.00322856,-0.00104392,-0.0080793,-0.00306538,
412,0.135878,0.0431128,-0.00330816,-0.00107396,-0.00788085,-0.00296302,
413,0.141,0.0449616,-0.00338575,-0.0011028,-0.00767848,-0.00283136,
414,0.146016,0.0467736,-0.00346129,-0.00113014,-0.00747277,-0.00266916,
415,0.150918,0.0485323,-0.00353476,-0.00115568,-0.00726387,-0.00247668,
416,0.155699,0.0502204,-0.00360612,-0.00117912,-0.00705141,-0.00225582,
417,0.160352,0.0518196,-0.00367533,-0.00120021,-0.00683447,-0.00201035,
418,0.16487,0.053312,-0.00374233,-0.00121872,-0.00661154,-0.00174596,
419,0.169246,0.0546807,-0.00380706,-0.00123453,-0.00638054,-0.00147018,
420,0.173468,0.0559106,-0.00386941,-0.00124757,-0.00613887,-0.00119231,
421,0.177528,0.0569892,-0.00392926,-0.00125788,-0.00588348,-0.000923181,
422,0.181414,0.0579079,-0.00398645,-0.00126562,-0.00561099,-0.000674736,
423,0.18511,0.0586626,-0.0040408,-0.00127109,-0.00531786,-0.000459595,
424,0.188602,0.0592545,-0.00409207,-0.00127467,-0.00500056,-0.000290437,
425,0.191872,0.0596907,-0.00414,-0.00127691,-0.00465582,-0.000179294,
426,0.1949,0.0599838,-0.00418431,-0.00127846,-0.00428087,-0.000136797,
427,0.197664,0.0601514,-0.00422467,-0.00128004,-0.00387367,-0.000171431,
428,0.200143,0.0602144,-0.00426076,-0.00128246,-0.00343312,-0.000288908,
429,0.202314,0.0601945,-0.00429224,-0.00128657,-0.0029592,-0.000491762,
430,0.204158,0.0601114,-0.00431879,-0.00129322,-0.00245297,-0.000779291,
431,0.205658,0.0599804,-0.0043401,-0.00130323,-0.00191646,-0.00114789,
432,0.206798,0.0598116,-0.00435588,-0.00131737,-0.00135249,-0.00159171,
433,0.207569,0.0596123,-0.00436588,-0.00133636,-0.000764327,-0.0021035,
434,0.207959,0.0593935,-0.00436987,-0.00136082,-0.000155622,-0.00267498,
435,0.207955,0.0591822,-0.00436768,-0.00139129,0.000469484,-0.0032964,
436,0.207535,0.059035,-0.00435917,-0.00142819,0.00110566,-0.00395435,
437,0.206664,0.0590513,-0.00434428,-0.00147176,0.00174503,-0.00462758,
438,0.205287,0.0593774,-0.00432305,-0.00152194,0.00237523,-0.0052809,
439,0.203335,0.0601944,-0.00429569,-0.0015782,0.00297719,-0.00585848,
440,0.200733,0.0616841,-0.00426265,-0.00163928,0.00352347,-0.00627857,
441,0.197417,0.0639711,-0.0042247,-0.00170297,0.00397805,-0.00643305,
442,0.193361,0.0670499,-0.00418301,-0.00176584,0.00429873,-0.00619478,
443,0.188602,0.0707134,-0.00413917,-0.0018232,0.00444273,-0.00543526,
444,0.183263,0.0745107,-0.00409515,-0.00186923,0.00437567,-0.00405232,
445,0.177555,0.0777653,-0.00405316,-0.00189744,0.00408246,-0.002004,
446,0.171753,0.0796771,-0.00401538,-0.00190147,0.0035776,0.000659739,
447,0.166145,0.0795015,-0.00398361,-0.00187614,0.00291102,0.00377912,
448,0.160961,0.0767563,-0.00395897,-0.00181848,0.00216608,0.00709109,
449,0.156322,0.0713792,-0.00394162,-0.00172854,0.0014483,0.0102645,
450,0.152208,0.06377,-0.00393061,-0.00160976,0.000867099,0.0129573,
451,0.148471,0.0547019,-0.00392404,-0.00146869,0.00051549,0.0148793,
452,0.144884,0.0451369,-0.00391925,-0.00131416,0.000453671,0.0158432,
453,0.1412,0.0360154,-0.00391322,-0.0011561,0.000700633,0.0157905,
454,0.137205,0.0280873,-0.00390299,-0.00100427,0.0012351,0.0147883,
455,0.132755,0.0218282,-0.00388601,-0.000867152,0.00200391,0.0130027,
456,0.127783,0.0174403,-0.00386038,-0.000751221,0.00293406,0.0106618,
457,0.122286,0.0149104,-0.00382496,-0.00066051,0.00394474,0.00801771,
458,0.116309,0.0140809,-0.00377943,-0.000596565,0.0049566,0.0053178,
459,0.109932,0.0147036,-0.00372422,-0.000558602,0.005898,0.00278556,
460,0.103261,0.0164631,-0.00366037,-0.000543817,0.00670875,0.00060889,
461,0.0964311,0.0189763,-0.00358949,-0.000547792,0.00734288,-0.00106847,
462,0.0896066,0.0217893,-0.00351349,-0.000564991,0.0077715,-0.00215568,
463,0.0829743,0.0243903,-0.0034345,-0.000589344,0.00798582,-0.00262422,
464,0.0767289,0.0262543,-0.00335457,-0.000614914,0.00799969,-0.00251557,
465,0.0710472,0.0269197,-0.00327548,-0.000636614,0.00785015,-0.00194298,
466,0.0660558,0.0260856,-0.00319852,-0.000650862,0.00759459,-0.00108267,
467,0.0617982,0.0237064,-0.00312433,-0.000656085,0.00730367,-0.000151678,
468,0.0582148,0.0200481,-0.00305283,-0.000652916,0.00704995,0.000627235,
469,0.0551455,0.0156691,-0.00298327,-0.000643987,0.00689412,0.00106853,
470,0.0523643,0.0113049,-0.00291447,-0.000633324,0.00687195,0.00106408,
471,0.0496406,0.00767267,-0.00284506,-0.000625419,0.00698651,0.000607375,
472,0.0468063,0.00526262,-0.00277387,-0.000624243,0.00720908,-0.000209412,
473,0.0438011,0.00420003,-0.0027001,-0.000632437,0.00748932,-0.00122714,
474,0.0406774,0.00423777,-0.00262352,-0.000650958,0.00777155,-0.00227035,
475,0.0375643,0.00487321,-0.00254438,-0.000679216,0.00801128,-0.00319854,
476,0.0346127,0.0055284,-0.00246322,-0.000715638,0.00818638,-0.00394102,
477,0.0319442,0.00571927,-0.00238069,-0.000758419,0.0083002,-0.00450652,
478,0.0296177,0.00516739,-0.00229724,-0.000806237,0.00837714,-0.00496952,
479,0.027617,0.00384806,-0.00221302,-0.000858738,0.00845341,-0.0054414,
480,0.0258504,0.00199222,-0.00212783,-0.000916688,0.00856567,-0.00603532,
481,0.0241592,6.06252e-05,-0.00204114,-0.000981786,0.00873979,-0.00683102,
482,0.0223307,-0.00130431,-0.00195231,-0.00105614,0.00898072,-0.00784348,
483,0.0201222,-0.0013562,-0.00186081,-0.00114147,0.0092645,-0.00899808,
484,0.0172992,0.00063496,-0.00176657,-0.00123812,0.00953374,-0.0101163,
485,0.0136931,0.00520568,-0.00167026,-0.00134405,0.0096983,-0.0109183,
486,0.00928213,0.0124581,-0.00157362,-0.00145397,0.00964395,-0.0110491,
487,0.00428401,0.0217801,-0.00147956,-0.00155895,0.00925177,-0.0101393,
488,-0.00077388,0.0316331,-0.00139199,-0.00164687,0.00843012,-0.00790389,
489,-0.00508408,0.0396317,-0.00131536,-0.00170406,0.00715613,-0.00427111,
490,-0.0077728,0.043177,-0.00125367,-0.0017181,0.00551363,0.000500162,
491,-0.00829336,0.0406378,-0.00120941,-0.00168133,0.00370241,0.00579145,
492,-0.00679664,0.0324756,-0.00118264,-0.0015936,0.00199429,0.010761,
493,-0.00414884,0.0213127,-0.00117082,-0.00146275,0.000638748,0.0146363,
494,-0.00147931,0.0105699,-0.00116966,-0.00130216,-0.000233929,0.0170146,
495,0.000403506,0.00269435,-0.00117447,-0.00112633,-0.00064745,0.0179708,
496,0.00125539,-0.00158059,-0.00118145,-0.000947011,-0.000734321,0.0179172,
497,0.00123039,-0.00272709,-0.00118831,-0.000771235,-0.000657894,0.0173621,
498,0.000603279,-0.0015757,-0.00119428,-0.000601404,-0.000558163,0.0167408,
499,0,0,-0.00119971,-0.000436288,-0.000536285,0.0163687,
